{"status":{"code":200,"name":"ok"},"data":{"city":"London, United Kingdom","description":"Scattered clouds","icon":"https:\/\/openweathermap.org\/img\/wn\/03d@2x.png","temperature":11.08,"humidity":75,"wind":3.47,"sunrise":"05:04","sunset":"20:49","forecast":{"morning":{"temp":11.1,"icon":"https:\/\/openweathermap.org\/img\/wn\/03d@2x.png","description":"Scattered clouds","precipitation":0,"sunrise":"05:04","sunset":"20:49"},"afternoon":{"temp":12.1,"icon":"https:\/\/openweathermap.org\/img\/wn\/03d@2x.png","description":"Scattered clouds","precipitation":0,"sunrise":"05:04","sunset":"20:49"},"evening":{"temp":16.2,"icon":"https:\/\/openweathermap.org\/img\/wn\/01d@2x.png","description":"Clear sky","precipitation":0,"sunrise":"05:04","sunset":"20:49"}},"daily_forecast":[{"date":"2025-05-19","day":"19","weekday":"Mon","temp":19.3,"icon":"https:\/\/openweathermap.org\/img\/wn\/02d@2x.png","description":"Few clouds","precipitation":0,"sunrise":"05:04","sunset":"20:49"},{"date":"2025-05-20","day":"20","weekday":"Tue","temp":20.4,"icon":"https:\/\/openweathermap.org\/img\/wn\/04d@2x.png","description":"Broken clouds","precipitation":0,"sunrise":"05:04","sunset":"20:49"},{"date":"2025-05-21","day":"21","weekday":"Wed","temp":20.5,"icon":"https:\/\/openweathermap.org\/img\/wn\/04d@2x.png","description":"Overcast clouds","precipitation":0,"sunrise":"05:04","sunset":"20:49"}]}}