{"status":{"code":200,"name":"ok"},"data":{"city":"Islamabad, Pakistan","description":"Clear sky","icon":"https:\/\/openweathermap.org\/img\/wn\/01d@2x.png","temperature":32.9,"humidity":42,"wind":3.7,"sunrise":"04:57","sunset":"19:14","forecast":{"morning":{"temp":32.9,"icon":"https:\/\/openweathermap.org\/img\/wn\/01d@2x.png","description":"Clear sky","precipitation":0,"sunrise":"04:57","sunset":"19:14"},"afternoon":{"temp":32.9,"icon":"https:\/\/openweathermap.org\/img\/wn\/01d@2x.png","description":"Clear sky","precipitation":0,"sunrise":"04:57","sunset":"19:14"},"evening":{"temp":28.6,"icon":"https:\/\/openweathermap.org\/img\/wn\/02n@2x.png","description":"Few clouds","precipitation":0,"sunrise":"04:57","sunset":"19:14"}},"daily_forecast":[{"date":"2025-06-05","day":"05","weekday":"Thu","temp":36.1,"icon":"https:\/\/openweathermap.org\/img\/wn\/01d@2x.png","description":"Clear sky","precipitation":0,"sunrise":"04:57","sunset":"19:14"},{"date":"2025-06-06","day":"06","weekday":"Fri","temp":39.5,"icon":"https:\/\/openweathermap.org\/img\/wn\/01d@2x.png","description":"Clear sky","precipitation":0,"sunrise":"04:57","sunset":"19:14"},{"date":"2025-06-07","day":"07","weekday":"Sat","temp":42.9,"icon":"https:\/\/openweathermap.org\/img\/wn\/01d@2x.png","description":"Clear sky","precipitation":0,"sunrise":"04:57","sunset":"19:14"}]}}