{"status":{"code":200,"name":"ok"},"data":{"city":"Islamabad, Pakistan","description":"Overcast clouds","icon":"https:\/\/openweathermap.org\/img\/wn\/04d@2x.png","temperature":29.43,"humidity":35,"wind":5.06,"sunrise":"05:15","sunset":"18:53","forecast":{"morning":{"temp":29.4,"icon":"https:\/\/openweathermap.org\/img\/wn\/01d@2x.png","description":"Clear sky","precipitation":0,"sunrise":"05:15","sunset":"18:53"},"afternoon":{"temp":29.4,"icon":"https:\/\/openweathermap.org\/img\/wn\/04d@2x.png","description":"Overcast clouds","precipitation":1,"sunrise":"05:15","sunset":"18:53"},"evening":{"temp":25.9,"icon":"https:\/\/openweathermap.org\/img\/wn\/04n@2x.png","description":"Overcast clouds","precipitation":0,"sunrise":"05:15","sunset":"18:53"}},"daily_forecast":[{"date":"2025-05-06","day":"06","weekday":"Tue","temp":34.6,"icon":"https:\/\/openweathermap.org\/img\/wn\/04d@2x.png","description":"Overcast clouds","precipitation":0,"sunrise":"05:15","sunset":"18:53"},{"date":"2025-05-07","day":"07","weekday":"Wed","temp":36.9,"icon":"https:\/\/openweathermap.org\/img\/wn\/01d@2x.png","description":"Clear sky","precipitation":0,"sunrise":"05:15","sunset":"18:53"},{"date":"2025-05-08","day":"08","weekday":"Thu","temp":37,"icon":"https:\/\/openweathermap.org\/img\/wn\/04d@2x.png","description":"Overcast clouds","precipitation":0,"sunrise":"05:15","sunset":"18:53"}]}}