{"status":{"code":200,"name":"ok"},"data":{"city":"Washington, D.C., United States","description":"Broken clouds","icon":"https:\/\/openweathermap.org\/img\/wn\/04n@2x.png","temperature":13.56,"humidity":43,"wind":2.02,"sunrise":"05:36","sunset":"20:20","forecast":{"morning":{"temp":13.6,"icon":"https:\/\/openweathermap.org\/img\/wn\/01d@2x.png","description":"Clear sky","precipitation":0,"sunrise":"05:36","sunset":"20:20"},"afternoon":{"temp":13.6,"icon":"https:\/\/openweathermap.org\/img\/wn\/01d@2x.png","description":"Clear sky","precipitation":0,"sunrise":"05:36","sunset":"20:20"},"evening":{"temp":13.6,"icon":"https:\/\/openweathermap.org\/img\/wn\/04n@2x.png","description":"Broken clouds","precipitation":0,"sunrise":"05:36","sunset":"20:20"}},"daily_forecast":[{"date":"2025-05-07","day":"07","weekday":"Wed","temp":23.8,"icon":"https:\/\/openweathermap.org\/img\/wn\/04d@2x.png","description":"Broken clouds","precipitation":0,"sunrise":"05:36","sunset":"20:20"},{"date":"2025-05-08","day":"08","weekday":"Thu","temp":19.7,"icon":"https:\/\/openweathermap.org\/img\/wn\/04d@2x.png","description":"Broken clouds","precipitation":0,"sunrise":"05:36","sunset":"20:20"},{"date":"2025-05-09","day":"09","weekday":"Fri","temp":23.3,"icon":"https:\/\/openweathermap.org\/img\/wn\/04d@2x.png","description":"Broken clouds","precipitation":0,"sunrise":"05:36","sunset":"20:20"}]}}