{"status":{"code":200,"name":"ok"},"data":{"city":"Islamabad, Pakistan","description":"Clear sky","icon":"https:\/\/openweathermap.org\/img\/wn\/01n@2x.png","temperature":37.7,"humidity":10,"wind":2.72,"sunrise":"04:56","sunset":"19:16","forecast":{"morning":{"temp":37.7,"icon":"https:\/\/openweathermap.org\/img\/wn\/01d@2x.png","description":"Clear sky","precipitation":0,"sunrise":"04:56","sunset":"19:16"},"afternoon":{"temp":37.7,"icon":"https:\/\/openweathermap.org\/img\/wn\/01d@2x.png","description":"Clear sky","precipitation":0,"sunrise":"04:56","sunset":"19:16"},"evening":{"temp":37.7,"icon":"https:\/\/openweathermap.org\/img\/wn\/01n@2x.png","description":"Clear sky","precipitation":0,"sunrise":"04:56","sunset":"19:16"}},"daily_forecast":[{"date":"2025-06-10","day":"10","weekday":"Tue","temp":45,"icon":"https:\/\/openweathermap.org\/img\/wn\/01d@2x.png","description":"Clear sky","precipitation":0,"sunrise":"04:56","sunset":"19:16"},{"date":"2025-06-11","day":"11","weekday":"Wed","temp":46,"icon":"https:\/\/openweathermap.org\/img\/wn\/01d@2x.png","description":"Clear sky","precipitation":0,"sunrise":"04:56","sunset":"19:16"},{"date":"2025-06-12","day":"12","weekday":"Thu","temp":46,"icon":"https:\/\/openweathermap.org\/img\/wn\/01d@2x.png","description":"Clear sky","precipitation":0,"sunrise":"04:56","sunset":"19:16"}]}}